[
  {
    "name" : "Sophia",
    "image" : "../images/characters/sophia.png",
    "tagline" : "High School Student",
    "bio" : "Sophia is a high school student who is starting to apply for college. Help her fix her profile to make her a more attractive candidate and protect her from malicious users.",
    "privacyTopics" : "personal information (e.g., ID, financial information), academic dishonesty"
  },
  {
    "name" : "Aiden",
    "image" : "../images/characters/aiden.png",
    "tagline" : "College Student",
    "bio" : "Aiden is a college student who is looking for work. Help him fix his profile to protect him from malicious user and make him a more attractive candidate for employers.",
    "privacyTopics" : "home security, academic issues, medical information, family information"
  },
  {
    "name" : "Olivia",
    "image" : "../images/characters/olivia.png",
    "tagline" : "Young Adult",
    "bio" : "Olivia is a young adult who was recently dismissed from her first job. Help her clean up her profile to assist with her job search.",
    "privacyTopics" : "professional issues"
  },
  {
    "name" : "Lucas",
    "image" : "../images/characters/lucas.png",
    "tagline" : "Adult",
    "bio" : "Lucas is an older adult who has just started using MyBook. Help him determine what is and is not appropriate for him to post.",
    "privacyTopics" : "family information, personal ideology, medical information"
  }
]