[
	{
		"header" : "<b>Aiden</b> posted",
		"image" : null,
		"text" : "My parents just bought a new house! They just finished installing the brand new entertainment and sound system!",
		"geolocation" : null,
		"timestamp" : "7:42PM",
		"comments" : 
		[
			{
				"name" : "Bob",
				"text" : "Cool! Is there anyone living there yet?",
				"time" : "8:07PM"
			},
			{
				"name" : "Aiden",
				"text" : "No, not yet. They don't move in for another month.",
				"time" : "8:11PM"
			},
			{
				"name" : "Alice",
				"text" : "Oh, is that what that new house on Johnson street was?",
				"time" : "8:23PM"
			},
			{
				"name" : "Aiden",
				"text" : "Yeah, that's the one!",
				"time" : "8:11PM"
			}
		],
		"question1" : "What's wrong with Aiden's post?",
		"options1" : 
		[
			"Aiden is publicly sharing that the house is unoccupied and full of valuables.",
			"Aiden hasn't offered to throw a party there.",
			"Aiden is sharing his parents' financial situation.",
			"Nothing."
		],
		"question2" : "What should Aiden do to fix this post, balancing privacy and convenience?",
		"options2" : 
		[
			"Aiden should remove the post.",
			"Aiden should remove the information concerning the entertainment and sound system.",
			"Aiden should remove his comment stating that the house is unoccupied.",
			"Aiden should remove the comments that reveal the house's location."
		]
	},
	{
		"header" : "<b>Aiden</b> posted",
		"image" : null,
		"text" : "Ugh, Professor Smith is such a pain! How could she assign so much homework over break?",
		"geolocation" : null,
		"timestamp" : "6:40PM",
		"comments" : 
		[
		],
		"question1" : "What's wrong with Aiden's post?",
		"options1" : 
		[
			"Aiden doesn't specify which class' homework he's complaining about.",
			"Aiden is publicly bashing his professor by name.",
			"Aiden is revealing when he's on break.",
			"Nothing."
		],
		"question2" : "What should Aiden do to fix this post, balancing privacy and convenience?",
		"options2" : 
		[
			"Aiden should remove the name of the professor.",
			"Aiden should remove the post.",
			"Aiden should make the post only viewable by friends.",
			"Aiden should tag the school administration."
		]
	},
	{
		"header" : "<b>Aiden</b> posted an image",
		"image" : "../images/posts/Aiden/yearbook.jpg",
		"text" : "Pic of my mom in 1950. #HappyMothersDay",
		"geolocation" : "",
		"timestamp" : "11:45AM",
		"comments" : 
		[
			{
				"name" : "Annie",
				"text" : "Wow! She's so beautiful.",
				"time" : "12:03PM"
			}
		],
		"question1" : "What should Aiden do to fix this post, balancing privacy and convenience?",
		"options1" : [
			"Aiden's mother might be embarrassed that he is posting old pictures of her.",
			"Aiden's mom isn't tagged in the post.",
			"The picture contains Aiden's mother's maiden name.",
			"Nothing."
		],
		"question2" : "What should Aiden do to fix this post, balancing privacy and convenience?",
		"options2" : [
			"Aiden should remove the post.",
			"Aiden should remove the image.",
			"Aiden should post the full yearbook page to hide which one is his mother.",
			"Aiden should crop out his mother's name from the image."
		]
	},
	{
		"header" : "<b>Aiden</b> posted",
		"image" : "",
		"text" : "So... I may lose my scholarship next semester. Failed a bunch of classes and got put on academic probation.",
		"geolocation" : "",
		"timestamp" : "2:36AM",
		"comments" : 
		[
			{
				"name" : "Josh",
				"text" : "Man that sucks! Are you still allowed to play on the lacrosse team?",
				"time" : "3:15AM"
			},
			{
				"name" : "Aiden",
				"text" : "No, that's the worst part.",
				"time" : "3:21AM"
			}
		],
		"question1" : "What's wrong with Aiden's post?",
		"options1" : [
			"Aiden leaked the fact that he's out of the lacrosse team to his rivals.",
			"Aiden is posting unflattering academic information.",
			"Aiden didn't post his grades.",
			"Nothing."
		],
		"question2" : "What should Aiden do to fix this post, balancing privacy and convenience?",
		"options2" : [
			"Aiden should remove the scholarship information.",
			"Aiden should remove his comment.",
			"Aiden should remove the post.",
			"Aiden should remove the part about failing classes."
		]
	},
	{
		"header" : "<b>Aiden</b> posted",
		"image" : "../images/posts/Aiden/adderall.png",
		"text" : "Just got a refill of adderall for my ADD. I can't believe this stuff costs so much!",
		"geolocation" : "",
		"timestamp" : "5:52AM",
		"comments" : 
		[
		],
		"question1" : "What's wrong with Aiden's post?",
		"options1" : 
		[
			"Aiden is sharing the name of his doctor",
			"Aiden is sharing his medical conditions.",
			"Both of the above.",
			"Nothing."
		],
		"question2" : "What should Aiden do to fix this post, balancing privacy and convenience?",
		"options2" : 
		[
			"Aiden should remove the image.",
			"Aiden should remove the name of his medical condition.",
			"Aiden should remove the financial information.",
			"Aiden should remove the post."
		]
	}
]
