[
	{
		"header" : "<b>Lucas</b> posted:",
		"image" : "",
		"text" : "We're celebrating my wife's 60th birthday this Saturday! Stop by if you can!",
		"geolocation" : "",
		"timestamp" : "12:34PM",
		"comments" : 
		[
		],
		"question1" : "What's wrong with Lucas' post?",
		"options1" : 
		[
			"Lucas is publicly sharing his wife's birthday.",
			"Lucas did not specify the location of the event.",
			"Lucas did not tag his wife in the post.",
			"Nothing."
		],
		"question2" : "How should Lucas fix his post, balancing privacy and convenience?",
		"options2" : 
		[
			"Lucas should not mention that it is his wife's 40th birthday.",
			"Lucas should let his wife make the post.",
			"Lucas should make the post viewable only to friends.",
			"Lucas should remove the post."
		]
	},
	{
		"header" : "<b>Lucas</b> posted:",
		"image" : "",
		"text" : "I expect to see all of you at church this Easter Sunday. Your souls will be eternally damned if you do not show the Lord the proper respect.",
		"geolocation" : "",
		"timestamp" : "2:43PM",
		"comments" : 
		[
		],
		"question1" : "What's wrong with Lucas' post?",
		"options1" : 
		[
			"Lucas is publicly sharing the fact that he will be out of his house on Sunday.",
			"Lucas didn't specify which church he expects to see people at.",
			"Lucas is publicly preaching his religious ideology.",
			"Nothing."
		],
		"question2" : "How should Lucas fix his post, balancing privacy and convenience?",
		"options2" : [
			"Lucas should make his posts only viewable by friends.", 
            "Lucas should make his posts only viewable by friends of friends.", 
            "Lucas should save religious discussions for settings where everyone wants to talk about it, like at church or on a religious forum.",
            "Lucas should tone down the post to say 'I hope to see you all at church this Easter Sunday!'"
        ]
	},
	{
		"header" : "<b>Lucas</b> posted:",
		"image" : "",
		"text" : "If the Democrats win the presidency in 2016, I swear I'm moving to Canada! I can't stand seeing them ruin this country for another 4 years!",
		"geolocation" : "",
		"timestamp" : "7:56PM",
		"comments" : 
		[
		],
		"question1" : "What's wrong with Lucas' post?",
		"options1" : 
		[
			"Lucas is badmouthing the Democrats without stating which party he actually support.",
			"Lucas is publicly preaching his political ideology.",
			"Lucas doesn't specify where in Canada he's planning to move.",
			"Nothing."
		],
		"question2" : "How should Lucas fix his post, balancing privacy and convenience?",
		"options2" : [
			"Lucas should make his posts only viewable by friends.", 
            "Lucas should make his posts only viewable by friends of friends.", 
            "Lucas should use some platform other than mybook for political discussions, like a news forum or blog.",
            "Lucas should tag Jeb Bush to show his support."
        ]
	},
	{
		"header" : "<b>Lucas</b> posted:",
		"image" : "",
		"text" : "Vacationing in Valencia for the next month! Message me if you need me!",
		"geolocation" : "",
		"timestamp" : "7:33AM",
		"comments" : 
		[
		],
		"question1" : "What's wrong with Lucas' post?",
		"options1" : 
		[
			"Lucas is publicly sharing that he will not be home for the next month.",
			"Lucas doesn't specify the dates that he'll be gone.",
			"Lucas doesn't specify whether he means Valencia, Spain or Valencia, New Mexico.",
			"Nothing."
		],
		"question2" : "How should Lucas fix his post, balancing privacy and convenience?",
		"options2" : 
		[
			"Lucas should remove the location.",
			"Lucas should remove the length of time he will be away.",
			"Lucas should let his friends know that he will be unavailable, but wait until after he returns to post his vacation status.",
			"Lucas should remove the post."
		]
	},
	{
		"header" : "<b>Lucas</b> posted in the group <b>New York City</b>:",
		"image" : "",
		"text" : "Does anyone know a good doctor that specializes in urinary issues? I'm new in the area.",
		"geolocation" : "",
		"timestamp" : "10:29PM",
		"comments" : 
		[
		],
		"question1" : "What's wrong with Lucas' post?",
		"options1" : 
		[
			"Lucas is publicly sharing private medical information.",
			"Lucas is publicly sharing that he is new to the area.",
			"Lucas does not include the specific medical issue.",
			"Nothing."
		],
		"question2" : "How should Lucas fix his post, balancing privacy and convenience?",
		"options2" : 
		[
			"Lucas should make a post that only his friends can see.",
			"Lucas should remove the type of doctor he is looking for.",
			"Lucas should make a post in a more specific group, such as New York City Doctors.",
			"Lucas should remove the post."
		]
	},
	{
		"header" : "<b>Alyssa</b> was tagged in <b>Lucas'</b> post:",
		"image" : "../images/posts/Lucas/wedding.jpg",
		"text" : "Fun times at Mark and Kathy's wedding!",
		"geolocation" : "",
		"timestamp" : "12:34PM",
		"comments" : 
		[
			{
				"name" : "Alyssa",
				"text" : "I didn't expect you to post these!",
				"time" : "2:22PM"
			}
		],
		"question1" : "What's wrong with Lucas' post?",
		"options1" : 
		[
			"Lucas has included unflattering pictures of Alyssa without asking.",
			"Lucas did not tag Mark and Kathy in the post.",
			"Lucas reveals that Mark and Kathy are married.",
			"Nothing."
		],
		"question2" : "How should Lucas fix his post, balancing privacy and convenience?",
		"options2" : 
		[
			"Lucas should edit the image to remove Alyssa's face.",
			"Lucas should untag Alyssa.",
			"Lucas should remove the pictures including Alyssa.",
			"Lucas should remove the post."
		]
	}
]