[
	{
		"header" : "<b>Olivia</b> commented on <b>Jackson's</b> post",
		"name" : "",
		"image" : "",
		"geolocation" : "",
		"timestamp" : "7:23PM",
		"text" : "I have an interview with Vandelay Industries tomorrow. Wish me luck!",
		"comments" : 
		[
			{
				"name" : "Olivia",
				"text" : "I used to work at that place. Let's just say I didn't leave on good terms.",
				"time" : "7:35PM"
			},
			{
				"name" : "Jackson",
				"text" : "What happened?",
				"time" : "7:38PM"
			},
			{
				"name" : "Olivia",
				"text" : "They fired me for borrowing some office supplies.",
				"time" : "7:46PM"
			}
		],
		"question1" : "What's wrong with Olivia's comments?",
		"options1" : [
			"Olivia doesn't specify what she took the office supplies for.",
			"The comments reveal Olivia's grudges with her old employer.",
			"The comments reveal Olivia's work history.",
			"Nothing."
		],
		
		"question2" : "What should Olivia do to fix her comments, balancing privacy and convenience?",
		"options2" : [
			"Olivia should ask Jackson to remove his post to hide all the evidence.",
			"Olivia should remove the second comment.",
			"Olivia should remove both comments.",
			"Olivia should warn Jackson about the company in a private message."
		]
	},
	{
		"header" : "<b>Olivia</b> posted",
		"image" : "",
		"geolocation" : "",
		"timestamp" : "2:45PM",
		"text" : "Going on job interviews is hard work!",
		"comments" : 
		[
			{
				"name" : "Marcus",
				"text" : "Don't you already have a job?",
				"time" : "2:53PM"
			},
			{
				"name" : "Olivia",
				"text" : "Doesn't mean I can't look for another. Gotta keep my options open.",
				"time" : "3:02PM"
			}
		],
		"question1" : "What's wrong with Olivia's post?",
		"options1" : [
			"Olivia doesn't specify which company she's interviewing for.",
			"By complaining about interviewing, Olivia makes herself look lazy.",
			"Olivia is publicising the fact that she is searching for a new job before she's left her old one.",
			"Nothing."
		],
				"question2" : "What should Olivia do to fix her post, balancing privacy and convenience?",
		"options2" : [
			"Oliva should delete the post.",
			"Oliva should make the post only viewable to friends.",
			"Oliva should create separate accounts for personal and professional use.",
			"Oliva should block her current employer from seeing her posts"
		]
	},
	{
		"header" : "<b>Olivia</b> posted",
		"image" : "",
		"geolocation" : "",
		"timestamp" : "4:32PM",
		"text" : "My boss has no idea what he's doing. He gives me task after task, and when I tell him that there's too much here for one person to do, he yells at me for being lazy.",
		"comments" : 
		[
		],
		"question1" : "What's wrong with Olivia's post?",
		"options1" : [
			"Olivia publicly badmouths her boss.",
			"Olivia makes herself seem lazy.",
			"Olivia does not specify which tasks she is asked to do.",
			"Nothing."
		],
				"question2" : "What should Olivia do to fix her post, balancing privacy and convenience?",
		"options2" : [
			"Make the post only viewable to friends",
			"Olivia should create separate accounts for personal and professional use.",
			"Delete the post",
			"Block her boss so that he can't see the post."
		]
	},
	{
		"header" : "<b>Olivia</b> posted",
		"image" : "../images/posts/Olivia/beach.jpg",
		"geolocation" : "",
		"timestamp" : "1:25PM",
		"text" : "Chilling on the beach with a beer. Best sick day ever!",
		"comments" : 
		[
		],
		"question1" : "What's wrong with Olivia's post?",
		"options1" : [
			"Olivia is letting everyone know that she's drinking at 1PM, thus making her look like an alcoholic.",
			"Olivia is letting everyone know that she faked being sick to go to the beach.",
			"Olivia does not specify the brand of beer she is drinking.",
			"Nothing"
		],
				"question2" : "What should Olivia do to fix her post, balancing privacy and convenience?",
		"options2" : [
			"Delete the post.",
			"Make the post only viewable to friends.",
			"Create separate accounts for personal and professional use.",
			"Block her boss so that he can't see the post."
		]
	},
	{
		"header" : "<b>Olivia</b> posted",
		"image" : "",
		"geolocation" : "",
		"timestamp" : "11:30AM",
		"text" : "Just got a callback from one of my interviews. They're offering 60k starting. Score, I'm going to take it!",
		"comments" : 
		[
			{
				"name" : "Bruce",
				"text" : "Lucky!",
				"time" : "11:47AM"
			}
		],
		"question1" : "What's wrong with Olivia's post?",
		"options1" : [
			"Olivia did not specify what company she is interviewing for.",
			"Olivia is revealing her salary.",
			"Olivia did not specify the currency.",
			"Nothing."
		],
				"question2" : "What should Olivia do to fix her post, balancing privacy and convenience?",
		"options2" : [
			"Olivia should remove the post.",
			"Olivia should make the post only viewable by friends.",
			"Olivia should remove the specific salary information.",
			"Olivia should remove the fact that she is going to take the job."
		]
	}
]