[
	{
		"header" : "<b>Sophia</b> posted",
		"image" : null,
		"text" : "Just got a new phone, here's my number! 201-867-5309",
		"geolocation" : "",
		"timestamp" : "1:56PM",
		"fake" : false,
		"comments" : 
		[
			{
				"name" : "Jonathan",
				"text" : "What kind of phone did you get?",
				"time" : "2:36PM"
			},
			{
				"name" : "Sophia",
				"text" : "I got a jPhone 7! <3 Pear!",
				"time" : "2:47PM"
			}
		],
		"question1" : "What's wrong with Sophia's post?",
		"options1" : [
			"Sophia neglected to post her country code.",
			"The post reveals Sophia's phone number.",
			"Sophia's last comment will start a flame war about Pear vs Cyborg.",
			"Nothing."
		],
				"question2" : "What should Sophia do to fix this post, balancing privacy and convenience?",
		"options2" : [
			"Sophia should make the post only viewable to friends.",
			"Sophia should change the post to say 'Just got a new phone, message me for the number!'",
			"Sophia should delete the post and only give out her phone number in person.",
			"Sophia should remove the area code."
		]
	},
	{
		"header" : "<b>Sophia</b> posted",
		"image" : null,
		"text" : "Party at my place, tonight at 9! I live at 111 Woodridge Drive. See you there!",
		"geolocation" : "",
		"timestamp" : "5:31PM",
		"fake" : false,
		"comments" : null,
		"question1" : "What's wrong with Sophia's post?",
		"options1" : [
			"Sophia's friends do not have adequate time to RSVP.",
			"Sophia did not specify the town in which she lives.",
			"Sophia should not publicly post her address.",
			"Nothing."
		],
				"question2" : "What should Sophia do to fix this post, balancing privacy and convenience?",
		"options2" : [
			"Remove her address from the post and message it to specific people if they ask.",
			"Delete the post.",
			"Leave it as-is to attract more guests.",
			"Change it to the neighbor's address."
		]
	},
	{
		"header" : "<b>Sophia</b> posted an image",
		"image" : "../images/posts/Sophia/cheating.jpeg",
		"text" : "These dumb teachers can't even catch me cheating!",
		"geolocation" : "",
		"timestamp" : "3:10PM",
		"fake" : false,
		"comments" : 
		[
			{
				"name" : "Jill",
				"text" : "lol nice.",
				"time" : "3:15PM"
			}
		],
		"question1" : "What's wrong with Sophia's post?",
		"options1" : [
			"The picture is too blurry to make out any details.",
			"Sophia didn't mention the teacher's name so her friends could know who's class to take.",
			"Sophia is publicising her cheating.",
			"Nothing."
		],
				"question2" : "What should Sophia do to fix this post, balancing privacy and convenience?",
		"options2" : [
			"Sophia should remove the picture from the post.",
			"Sophia should make her posts viewable only by her friends.",
			"Sophia should block her parents and teachers so they don't find out she's cheating.",
			"Sophia should remove the post."
		]
	},
	{
		"header" : "<b>Sophia</b> posted an image",
		"image" : "../images/posts/Sophia/creditcard.jpg",
		"text" : "Just got my first credit card, I'm so excited!!!",
		"geolocation" : "",
		"timestamp" : "6:23PM",
		"fake" : false,
		"comments" : null,
		"question1" : "What's wrong with Sophia's post?",
		"options1" : [
			"Sophia only posted one side of the card",
			"Sophia is posting sensitive financial information.",
			"Sophia is bragging about her family's financial status.",
			"Nothing."
		],
				"question2" : "What should Sophia do to fix this post, balancing privacy and convenience?",
		"options2" : [
			"Sophia should remove the picture from the post.",
			"Sophia should make the post viewable only to friends.",
			"Sophia should delete the post.",
			"Sophia should edit the picture so that the sensitive information (name, number, bank etc.) is no longer visible."
		]
	},
	{
		"header" : "<b>Sophia</b> posted an image",
		"image" : "../images/posts/Sophia/license.png",
		"text" : "Got my driver's licence. No car yet though :<",
		"geolocation" : "",
		"timestamp" : "4:42PM",
		"fake" : false,
		"comments" : 
		[
		],
		"question1" : "What should Sophia do to fix this post, balancing privacy and convenience?",
		"options1" : [
			"Sophia is giving away the state in which she lives",
			"Sophia is posting sensitive identity information.",
			"Sophia is bragging about having a licence.",
			"Nothing."
		],
				"question2" : "What should Sophia do to fix this post, balancing privacy and convenience?",
		"options2" : [
			"Sophia should remove the picture from the post.",
			"Make the post viewable only to friends.",
			"Sophia should delete the post.",
			"Sophia should block out her face in the picture."
		]
	}
]